SampleID	Barcode	Primer	Tub	Treatment	Compartment	Soil	Genotype	Run
drght.25	ATCACCAGGTGTAGATTGACCAAC	GGACTACHVGGGTWTCTAAT	T2	Watered	Rhizosphere	Davis	TOg7102	DRGHT1
drght.26	ATCACCAGGTGTAGTTACGAGCTA	GGACTACHVGGGTWTCTAAT	T2	Watered	Rhizosphere	Davis	Gl_CG14	DRGHT1
drght.27	ATCACCAGGTGTGCATATGCACTG	GGACTACHVGGGTWTCTAAT	T2	Watered	Rhizosphere	Davis	IR20	DRGHT1
drght.28	ATCACCAGGTGTCAACTCCCGTGA	GGACTACHVGGGTWTCTAAT	T2	Watered	Rhizosphere	Davis	M206	DRGHT1
drght.29	ATCACCAGGTGTTTGCGTTAGCAG	GGACTACHVGGGTWTCTAAT	T2	Watered	Rhizosphere	Arbuckle	TOg7102	DRGHT1
drght.30	ATCACCAGGTGTTACGAGCCCTAA	GGACTACHVGGGTWTCTAAT	T2	Watered	Rhizosphere	Arbuckle	Gl_CG14	DRGHT1
drght.31	ATCACCAGGTGTCACTACGCTAGA	GGACTACHVGGGTWTCTAAT	T2	Watered	Rhizosphere	Arbuckle	IR20	DRGHT1
drght.32	ATCACCAGGTGTTGCAGTCCTCGA	GGACTACHVGGGTWTCTAAT	T2	Watered	Rhizosphere	Arbuckle	M206	DRGHT1
drght.41	ATCACCAGGTGTTGTGAATTCGGA	GGACTACHVGGGTWTCTAAT	T2	Watered	Endosphere	Arbuckle	TOg7102	DRGHT1
drght.42	ATCACCAGGTGTCATTCGTGGCGT	GGACTACHVGGGTWTCTAAT	T2	Watered	Endosphere	Arbuckle	Gl_CG14	DRGHT1
drght.43	ATCACCAGGTGTTACTACGTGGCC	GGACTACHVGGGTWTCTAAT	T2	Watered	Endosphere	Arbuckle	IR20	DRGHT1
drght.44	ATCACCAGGTGTGGCCAGTTCCTA	GGACTACHVGGGTWTCTAAT	T2	Watered	Endosphere	Arbuckle	M206	DRGHT1
drght.45	ATCACCAGGTGTGATGTTCGCTAG	GGACTACHVGGGTWTCTAAT	T2	Watered	Endosphere	Biggs	TOg7102	DRGHT1
drght.46	ATCACCAGGTGTCTATCTCCTGTC	GGACTACHVGGGTWTCTAAT	T2	Watered	Endosphere	Biggs	Gl_CG14	DRGHT1
drght.47	ATCACCAGGTGTACTCACAGGAAT	GGACTACHVGGGTWTCTAAT	T2	Watered	Endosphere	Biggs	IR20	DRGHT1
drght.48	ATCACCAGGTGTATGATGAGCCTC	GGACTACHVGGGTWTCTAAT	T2	Watered	Endosphere	Biggs	M206	DRGHT1
drght.57	TGGTCAACGATAACCATAGCTCCG	GGACTACHVGGGTWTCTAAT	T3	Watered	Rhizosphere	Biggs	TOg7102	DRGHT1
drght.58	TGGTCAACGATATCGACATCTCTT	GGACTACHVGGGTWTCTAAT	T3	Watered	Rhizosphere	Biggs	Gl_CG14	DRGHT1
drght.59	TGGTCAACGATAGAACACTTTGGA	GGACTACHVGGGTWTCTAAT	T3	Watered	Rhizosphere	Biggs	IR20	DRGHT1
drght.60	TGGTCAACGATAGAGCCATCTGTA	GGACTACHVGGGTWTCTAAT	T3	Watered	Rhizosphere	Biggs	M206	DRGHT1
drght.61	TGGTCAACGATATTGGGTACACGT	GGACTACHVGGGTWTCTAAT	T3	Watered	Endosphere	Davis	TOg7102	DRGHT1
drght.62	TGGTCAACGATAAAGGCGCTCCTT	GGACTACHVGGGTWTCTAAT	T3	Watered	Endosphere	Davis	Gl_CG14	DRGHT1
drght.63	TGGTCAACGATATAATACGGATCG	GGACTACHVGGGTWTCTAAT	T3	Watered	Endosphere	Davis	IR20	DRGHT1
drght.64	TGGTCAACGATATCGGAATTAGAC	GGACTACHVGGGTWTCTAAT	T3	Watered	Endosphere	Davis	M206	DRGHT1
drght.121	AGCGGAGGTTAGAGATTGACCAAC	GGACTACHVGGGTWTCTAAT	T6	Watered	Rhizosphere	Davis	TOg7102	DRGHT1
drght.122	AGCGGAGGTTAGAGTTACGAGCTA	GGACTACHVGGGTWTCTAAT	T6	Watered	Rhizosphere	Davis	Gl_CG14	DRGHT1
drght.123	AGCGGAGGTTAGGCATATGCACTG	GGACTACHVGGGTWTCTAAT	T6	Watered	Rhizosphere	Davis	IR20	DRGHT1
drght.124	AGCGGAGGTTAGCAACTCCCGTGA	GGACTACHVGGGTWTCTAAT	T6	Watered	Rhizosphere	Davis	M206	DRGHT1
drght.125	AGCGGAGGTTAGTTGCGTTAGCAG	GGACTACHVGGGTWTCTAAT	T6	Watered	Rhizosphere	Arbuckle	TOg7102	DRGHT1
drght.126	AGCGGAGGTTAGTACGAGCCCTAA	GGACTACHVGGGTWTCTAAT	T6	Watered	Rhizosphere	Arbuckle	Gl_CG14	DRGHT1
drght.127	AGCGGAGGTTAGCACTACGCTAGA	GGACTACHVGGGTWTCTAAT	T6	Watered	Rhizosphere	Arbuckle	IR20	DRGHT1
drght.128	AGCGGAGGTTAGTGCAGTCCTCGA	GGACTACHVGGGTWTCTAAT	T6	Watered	Rhizosphere	Arbuckle	M206	DRGHT1
drght.137	AGCGGAGGTTAGTGTGAATTCGGA	GGACTACHVGGGTWTCTAAT	T6	Watered	Endosphere	Arbuckle	TOg7102	DRGHT1
drght.138	AGCGGAGGTTAGCATTCGTGGCGT	GGACTACHVGGGTWTCTAAT	T6	Watered	Endosphere	Arbuckle	Gl_CG14	DRGHT1
drght.139	AGCGGAGGTTAGTACTACGTGGCC	GGACTACHVGGGTWTCTAAT	T6	Watered	Endosphere	Arbuckle	IR20	DRGHT1
drght.140	AGCGGAGGTTAGGGCCAGTTCCTA	GGACTACHVGGGTWTCTAAT	T6	Watered	Endosphere	Arbuckle	M206	DRGHT1
drght.141	AGCGGAGGTTAGGATGTTCGCTAG	GGACTACHVGGGTWTCTAAT	T6	Watered	Endosphere	Biggs	TOg7102	DRGHT1
drght.142	AGCGGAGGTTAGCTATCTCCTGTC	GGACTACHVGGGTWTCTAAT	T6	Watered	Endosphere	Biggs	Gl_CG14	DRGHT1
drght.143	AGCGGAGGTTAGACTCACAGGAAT	GGACTACHVGGGTWTCTAAT	T6	Watered	Endosphere	Biggs	IR20	DRGHT1
drght.144	AGCGGAGGTTAGATGATGAGCCTC	GGACTACHVGGGTWTCTAAT	T6	Watered	Endosphere	Biggs	M206	DRGHT1
drght.153	ATCCTTTGGTTCACCATAGCTCCG	GGACTACHVGGGTWTCTAAT	T7	Watered	Rhizosphere	Biggs	TOg7102	DRGHT1
drght.154	ATCCTTTGGTTCTCGACATCTCTT	GGACTACHVGGGTWTCTAAT	T7	Watered	Rhizosphere	Biggs	Gl_CG14	DRGHT1
drght.155	ATCCTTTGGTTCGAACACTTTGGA	GGACTACHVGGGTWTCTAAT	T7	Watered	Rhizosphere	Biggs	IR20	DRGHT1
drght.156	ATCCTTTGGTTCGAGCCATCTGTA	GGACTACHVGGGTWTCTAAT	T7	Watered	Rhizosphere	Biggs	M206	DRGHT1
drght.157	ATCCTTTGGTTCTTGGGTACACGT	GGACTACHVGGGTWTCTAAT	T7	Watered	Endosphere	Davis	TOg7102	DRGHT1
drght.158	ATCCTTTGGTTCAAGGCGCTCCTT	GGACTACHVGGGTWTCTAAT	T7	Watered	Endosphere	Davis	Gl_CG14	DRGHT1
drght.159	ATCCTTTGGTTCTAATACGGATCG	GGACTACHVGGGTWTCTAAT	T7	Watered	Endosphere	Davis	IR20	DRGHT1
drght.160	ATCCTTTGGTTCTCGGAATTAGAC	GGACTACHVGGGTWTCTAAT	T7	Watered	Endosphere	Davis	M206	DRGHT1
drght.201	ACCAGTGACTCAACCATAGCTCCG	GGACTACHVGGGTWTCTAAT	T3	Watered	BulkSoil	Biggs	NA	DRGHT1
drght.208	ACCAGTGACTCATCGGAATTAGAC	GGACTACHVGGGTWTCTAAT	T6	Watered	BulkSoil	Davis	NA	DRGHT1
drght.33	ATCACCAGGTGTACCATAGCTCCG	GGACTACHVGGGTWTCTAAT	T2	Watered	Rhizosphere	Biggs	TOg7102	DRGHT2
drght.34	ATCACCAGGTGTTCGACATCTCTT	GGACTACHVGGGTWTCTAAT	T2	Watered	Rhizosphere	Biggs	Gl_CG14	DRGHT2
drght.35	ATCACCAGGTGTGAACACTTTGGA	GGACTACHVGGGTWTCTAAT	T2	Watered	Rhizosphere	Biggs	IR20	DRGHT2
drght.36	ATCACCAGGTGTGAGCCATCTGTA	GGACTACHVGGGTWTCTAAT	T2	Watered	Rhizosphere	Biggs	M206	DRGHT2
drght.37	ATCACCAGGTGTTTGGGTACACGT	GGACTACHVGGGTWTCTAAT	T2	Watered	Endosphere	Davis	TOg7102	DRGHT2
drght.38	ATCACCAGGTGTAAGGCGCTCCTT	GGACTACHVGGGTWTCTAAT	T2	Watered	Endosphere	Davis	Gl_CG14	DRGHT2
drght.39	ATCACCAGGTGTTAATACGGATCG	GGACTACHVGGGTWTCTAAT	T2	Watered	Endosphere	Davis	IR20	DRGHT2
drght.40	ATCACCAGGTGTTCGGAATTAGAC	GGACTACHVGGGTWTCTAAT	T2	Watered	Endosphere	Davis	M206	DRGHT2
drght.49	TGGTCAACGATAAGATTGACCAAC	GGACTACHVGGGTWTCTAAT	T3	Watered	Rhizosphere	Davis	TOg7102	DRGHT2
drght.50	TGGTCAACGATAAGTTACGAGCTA	GGACTACHVGGGTWTCTAAT	T3	Watered	Rhizosphere	Davis	Gl_CG14	DRGHT2
drght.51	TGGTCAACGATAGCATATGCACTG	GGACTACHVGGGTWTCTAAT	T3	Watered	Rhizosphere	Davis	IR20	DRGHT2
drght.52	TGGTCAACGATACAACTCCCGTGA	GGACTACHVGGGTWTCTAAT	T3	Watered	Rhizosphere	Davis	M206	DRGHT2
drght.53	TGGTCAACGATATTGCGTTAGCAG	GGACTACHVGGGTWTCTAAT	T3	Watered	Rhizosphere	Arbuckle	TOg7102	DRGHT2
drght.54	TGGTCAACGATATACGAGCCCTAA	GGACTACHVGGGTWTCTAAT	T3	Watered	Rhizosphere	Arbuckle	Gl_CG14	DRGHT2
drght.55	TGGTCAACGATACACTACGCTAGA	GGACTACHVGGGTWTCTAAT	T3	Watered	Rhizosphere	Arbuckle	IR20	DRGHT2
drght.56	TGGTCAACGATATGCAGTCCTCGA	GGACTACHVGGGTWTCTAAT	T3	Watered	Rhizosphere	Arbuckle	M206	DRGHT2
drght.65	TGGTCAACGATATGTGAATTCGGA	GGACTACHVGGGTWTCTAAT	T3	Watered	Endosphere	Arbuckle	TOg7102	DRGHT2
drght.66	TGGTCAACGATACATTCGTGGCGT	GGACTACHVGGGTWTCTAAT	T3	Watered	Endosphere	Arbuckle	Gl_CG14	DRGHT2
drght.67	TGGTCAACGATATACTACGTGGCC	GGACTACHVGGGTWTCTAAT	T3	Watered	Endosphere	Arbuckle	IR20	DRGHT2
drght.68	TGGTCAACGATAGGCCAGTTCCTA	GGACTACHVGGGTWTCTAAT	T3	Watered	Endosphere	Arbuckle	M206	DRGHT2
drght.69	TGGTCAACGATAGATGTTCGCTAG	GGACTACHVGGGTWTCTAAT	T3	Watered	Endosphere	Biggs	TOg7102	DRGHT2
drght.70	TGGTCAACGATACTATCTCCTGTC	GGACTACHVGGGTWTCTAAT	T3	Watered	Endosphere	Biggs	Gl_CG14	DRGHT2
drght.71	TGGTCAACGATAACTCACAGGAAT	GGACTACHVGGGTWTCTAAT	T3	Watered	Endosphere	Biggs	IR20	DRGHT2
drght.72	TGGTCAACGATAATGATGAGCCTC	GGACTACHVGGGTWTCTAAT	T3	Watered	Endosphere	Biggs	M206	DRGHT2
drght.129	AGCGGAGGTTAGACCATAGCTCCG	GGACTACHVGGGTWTCTAAT	T6	Watered	Rhizosphere	Biggs	TOg7102	DRGHT2
drght.130	AGCGGAGGTTAGTCGACATCTCTT	GGACTACHVGGGTWTCTAAT	T6	Watered	Rhizosphere	Biggs	Gl_CG14	DRGHT2
drght.131	AGCGGAGGTTAGGAACACTTTGGA	GGACTACHVGGGTWTCTAAT	T6	Watered	Rhizosphere	Biggs	IR20	DRGHT2
drght.132	AGCGGAGGTTAGGAGCCATCTGTA	GGACTACHVGGGTWTCTAAT	T6	Watered	Rhizosphere	Biggs	M206	DRGHT2
drght.133	AGCGGAGGTTAGTTGGGTACACGT	GGACTACHVGGGTWTCTAAT	T6	Watered	Endosphere	Davis	TOg7102	DRGHT2
drght.134	AGCGGAGGTTAGAAGGCGCTCCTT	GGACTACHVGGGTWTCTAAT	T6	Watered	Endosphere	Davis	Gl_CG14	DRGHT2
drght.135	AGCGGAGGTTAGTAATACGGATCG	GGACTACHVGGGTWTCTAAT	T6	Watered	Endosphere	Davis	IR20	DRGHT2
drght.136	AGCGGAGGTTAGTCGGAATTAGAC	GGACTACHVGGGTWTCTAAT	T6	Watered	Endosphere	Davis	M206	DRGHT2
drght.145	ATCCTTTGGTTCAGATTGACCAAC	GGACTACHVGGGTWTCTAAT	T7	Watered	Rhizosphere	Davis	TOg7102	DRGHT2
drght.146	ATCCTTTGGTTCAGTTACGAGCTA	GGACTACHVGGGTWTCTAAT	T7	Watered	Rhizosphere	Davis	Gl_CG14	DRGHT2
drght.147	ATCCTTTGGTTCGCATATGCACTG	GGACTACHVGGGTWTCTAAT	T7	Watered	Rhizosphere	Davis	IR20	DRGHT2
drght.148	ATCCTTTGGTTCCAACTCCCGTGA	GGACTACHVGGGTWTCTAAT	T7	Watered	Rhizosphere	Davis	M206	DRGHT2
drght.149	ATCCTTTGGTTCTTGCGTTAGCAG	GGACTACHVGGGTWTCTAAT	T7	Watered	Rhizosphere	Arbuckle	TOg7102	DRGHT2
drght.150	ATCCTTTGGTTCTACGAGCCCTAA	GGACTACHVGGGTWTCTAAT	T7	Watered	Rhizosphere	Arbuckle	Gl_CG14	DRGHT2
drght.151	ATCCTTTGGTTCCACTACGCTAGA	GGACTACHVGGGTWTCTAAT	T7	Watered	Rhizosphere	Arbuckle	IR20	DRGHT2
drght.152	ATCCTTTGGTTCTGCAGTCCTCGA	GGACTACHVGGGTWTCTAAT	T7	Watered	Rhizosphere	Arbuckle	M206	DRGHT2
drght.161	ATCCTTTGGTTCTGTGAATTCGGA	GGACTACHVGGGTWTCTAAT	T7	Watered	Endosphere	Arbuckle	TOg7102	DRGHT2
drght.162	ATCCTTTGGTTCCATTCGTGGCGT	GGACTACHVGGGTWTCTAAT	T7	Watered	Endosphere	Arbuckle	Gl_CG14	DRGHT2
drght.163	ATCCTTTGGTTCTACTACGTGGCC	GGACTACHVGGGTWTCTAAT	T7	Watered	Endosphere	Arbuckle	IR20	DRGHT2
drght.164	ATCCTTTGGTTCGGCCAGTTCCTA	GGACTACHVGGGTWTCTAAT	T7	Watered	Endosphere	Arbuckle	M206	DRGHT2
drght.165	ATCCTTTGGTTCGATGTTCGCTAG	GGACTACHVGGGTWTCTAAT	T7	Watered	Endosphere	Biggs	TOg7102	DRGHT2
drght.166	ATCCTTTGGTTCCTATCTCCTGTC	GGACTACHVGGGTWTCTAAT	T7	Watered	Endosphere	Biggs	Gl_CG14	DRGHT2
drght.167	ATCCTTTGGTTCACTCACAGGAAT	GGACTACHVGGGTWTCTAAT	T7	Watered	Endosphere	Biggs	IR20	DRGHT2
drght.168	ATCCTTTGGTTCATGATGAGCCTC	GGACTACHVGGGTWTCTAAT	T7	Watered	Endosphere	Biggs	M206	DRGHT2
drght.196	ACCAGTGACTCACAACTCCCGTGA	GGACTACHVGGGTWTCTAAT	T2	Watered	BulkSoil	Davis	NA	DRGHT2
drght.197	ACCAGTGACTCATTGCGTTAGCAG	GGACTACHVGGGTWTCTAAT	T2	Watered	BulkSoil	Arbuckle	NA	DRGHT2
drght.198	ACCAGTGACTCATACGAGCCCTAA	GGACTACHVGGGTWTCTAAT	T2	Watered	BulkSoil	Biggs	NA	DRGHT2
drght.199	ACCAGTGACTCACACTACGCTAGA	GGACTACHVGGGTWTCTAAT	T3	Watered	BulkSoil	Davis	NA	DRGHT2
drght.200	ACCAGTGACTCATGCAGTCCTCGA	GGACTACHVGGGTWTCTAAT	T3	Watered	BulkSoil	Arbuckle	NA	DRGHT2
drght.209	ACCAGTGACTCATGTGAATTCGGA	GGACTACHVGGGTWTCTAAT	T6	Watered	BulkSoil	Arbuckle	NA	DRGHT2
drght.210	ACCAGTGACTCACATTCGTGGCGT	GGACTACHVGGGTWTCTAAT	T6	Watered	BulkSoil	Biggs	NA	DRGHT2
drght.212	ACCAGTGACTCAGGCCAGTTCCTA	GGACTACHVGGGTWTCTAAT	T7	Watered	BulkSoil	Arbuckle	NA	DRGHT2
drght.213	ACCAGTGACTCAGATGTTCGCTAG	GGACTACHVGGGTWTCTAAT	T7	Watered	BulkSoil	Biggs	NA	DRGHT2
drght.216	ACCAGTGACTCAATGATGAGCCTC	GGACTACHVGGGTWTCTAAT	T7	Watered	BulkSoil	Davis	NA	DRGHT2
