SampleID	Barcode	Primer	Tub	Status	Compartment	Soil	Cultivar
drght.25	ATCACCAGGTGTAGATTGACCAAC	GGACTACHVGGGTWTCTAAT	T2	Watered	Rhizosphere	Davis	Gl_B
drght.26	ATCACCAGGTGTAGTTACGAGCTA	GGACTACHVGGGTWTCTAAT	T2	Watered	Rhizosphere	Davis	Gl_CG14
drght.27	ATCACCAGGTGTGCATATGCACTG	GGACTACHVGGGTWTCTAAT	T2	Watered	Rhizosphere	Davis	IR20
drght.28	ATCACCAGGTGTCAACTCCCGTGA	GGACTACHVGGGTWTCTAAT	T2	Watered	Rhizosphere	Davis	M206
drght.29	ATCACCAGGTGTTTGCGTTAGCAG	GGACTACHVGGGTWTCTAAT	T2	Watered	Rhizosphere	Arbuckle	Gl_B
drght.30	ATCACCAGGTGTTACGAGCCCTAA	GGACTACHVGGGTWTCTAAT	T2	Watered	Rhizosphere	Arbuckle	Gl_CG14
drght.31	ATCACCAGGTGTCACTACGCTAGA	GGACTACHVGGGTWTCTAAT	T2	Watered	Rhizosphere	Arbuckle	IR20
drght.32	ATCACCAGGTGTTGCAGTCCTCGA	GGACTACHVGGGTWTCTAAT	T2	Watered	Rhizosphere	Arbuckle	M206
drght.41	ATCACCAGGTGTTGTGAATTCGGA	GGACTACHVGGGTWTCTAAT	T2	Watered	Endosphere	Arbuckle	Gl_B
drght.42	ATCACCAGGTGTCATTCGTGGCGT	GGACTACHVGGGTWTCTAAT	T2	Watered	Endosphere	Arbuckle	Gl_CG14
drght.43	ATCACCAGGTGTTACTACGTGGCC	GGACTACHVGGGTWTCTAAT	T2	Watered	Endosphere	Arbuckle	IR20
drght.44	ATCACCAGGTGTGGCCAGTTCCTA	GGACTACHVGGGTWTCTAAT	T2	Watered	Endosphere	Arbuckle	M206
drght.45	ATCACCAGGTGTGATGTTCGCTAG	GGACTACHVGGGTWTCTAAT	T2	Watered	Endosphere	Biggs	Gl_B
drght.46	ATCACCAGGTGTCTATCTCCTGTC	GGACTACHVGGGTWTCTAAT	T2	Watered	Endosphere	Biggs	Gl_CG14
drght.47	ATCACCAGGTGTACTCACAGGAAT	GGACTACHVGGGTWTCTAAT	T2	Watered	Endosphere	Biggs	IR20
drght.48	ATCACCAGGTGTATGATGAGCCTC	GGACTACHVGGGTWTCTAAT	T2	Watered	Endosphere	Biggs	M206
drght.57	TGGTCAACGATAACCATAGCTCCG	GGACTACHVGGGTWTCTAAT	T3	Watered	Rhizosphere	Biggs	Gl_B
drght.58	TGGTCAACGATATCGACATCTCTT	GGACTACHVGGGTWTCTAAT	T3	Watered	Rhizosphere	Biggs	Gl_CG14
drght.59	TGGTCAACGATAGAACACTTTGGA	GGACTACHVGGGTWTCTAAT	T3	Watered	Rhizosphere	Biggs	IR20
drght.60	TGGTCAACGATAGAGCCATCTGTA	GGACTACHVGGGTWTCTAAT	T3	Watered	Rhizosphere	Biggs	M206
drght.61	TGGTCAACGATATTGGGTACACGT	GGACTACHVGGGTWTCTAAT	T3	Watered	Endosphere	Davis	Gl_B
drght.62	TGGTCAACGATAAAGGCGCTCCTT	GGACTACHVGGGTWTCTAAT	T3	Watered	Endosphere	Davis	Gl_CG14
drght.63	TGGTCAACGATATAATACGGATCG	GGACTACHVGGGTWTCTAAT	T3	Watered	Endosphere	Davis	IR20
drght.64	TGGTCAACGATATCGGAATTAGAC	GGACTACHVGGGTWTCTAAT	T3	Watered	Endosphere	Davis	M206
drght.121	AGCGGAGGTTAGAGATTGACCAAC	GGACTACHVGGGTWTCTAAT	T6	Watered	Rhizosphere	Davis	Gl_B
drght.122	AGCGGAGGTTAGAGTTACGAGCTA	GGACTACHVGGGTWTCTAAT	T6	Watered	Rhizosphere	Davis	Gl_CG14
drght.123	AGCGGAGGTTAGGCATATGCACTG	GGACTACHVGGGTWTCTAAT	T6	Watered	Rhizosphere	Davis	IR20
drght.124	AGCGGAGGTTAGCAACTCCCGTGA	GGACTACHVGGGTWTCTAAT	T6	Watered	Rhizosphere	Davis	M206
drght.125	AGCGGAGGTTAGTTGCGTTAGCAG	GGACTACHVGGGTWTCTAAT	T6	Watered	Rhizosphere	Arbuckle	Gl_B
drght.126	AGCGGAGGTTAGTACGAGCCCTAA	GGACTACHVGGGTWTCTAAT	T6	Watered	Rhizosphere	Arbuckle	Gl_CG14
drght.127	AGCGGAGGTTAGCACTACGCTAGA	GGACTACHVGGGTWTCTAAT	T6	Watered	Rhizosphere	Arbuckle	IR20
drght.128	AGCGGAGGTTAGTGCAGTCCTCGA	GGACTACHVGGGTWTCTAAT	T6	Watered	Rhizosphere	Arbuckle	M206
drght.137	AGCGGAGGTTAGTGTGAATTCGGA	GGACTACHVGGGTWTCTAAT	T6	Watered	Endosphere	Arbuckle	Gl_B
drght.138	AGCGGAGGTTAGCATTCGTGGCGT	GGACTACHVGGGTWTCTAAT	T6	Watered	Endosphere	Arbuckle	Gl_CG14
drght.139	AGCGGAGGTTAGTACTACGTGGCC	GGACTACHVGGGTWTCTAAT	T6	Watered	Endosphere	Arbuckle	IR20
drght.140	AGCGGAGGTTAGGGCCAGTTCCTA	GGACTACHVGGGTWTCTAAT	T6	Watered	Endosphere	Arbuckle	M206
drght.141	AGCGGAGGTTAGGATGTTCGCTAG	GGACTACHVGGGTWTCTAAT	T6	Watered	Endosphere	Biggs	Gl_B
drght.142	AGCGGAGGTTAGCTATCTCCTGTC	GGACTACHVGGGTWTCTAAT	T6	Watered	Endosphere	Biggs	Gl_CG14
drght.143	AGCGGAGGTTAGACTCACAGGAAT	GGACTACHVGGGTWTCTAAT	T6	Watered	Endosphere	Biggs	IR20
drght.144	AGCGGAGGTTAGATGATGAGCCTC	GGACTACHVGGGTWTCTAAT	T6	Watered	Endosphere	Biggs	M206
drght.153	ATCCTTTGGTTCACCATAGCTCCG	GGACTACHVGGGTWTCTAAT	T7	Watered	Rhizosphere	Biggs	Gl_B
drght.154	ATCCTTTGGTTCTCGACATCTCTT	GGACTACHVGGGTWTCTAAT	T7	Watered	Rhizosphere	Biggs	Gl_CG14
drght.155	ATCCTTTGGTTCGAACACTTTGGA	GGACTACHVGGGTWTCTAAT	T7	Watered	Rhizosphere	Biggs	IR20
drght.156	ATCCTTTGGTTCGAGCCATCTGTA	GGACTACHVGGGTWTCTAAT	T7	Watered	Rhizosphere	Biggs	M206
drght.157	ATCCTTTGGTTCTTGGGTACACGT	GGACTACHVGGGTWTCTAAT	T7	Watered	Endosphere	Davis	Gl_B
drght.158	ATCCTTTGGTTCAAGGCGCTCCTT	GGACTACHVGGGTWTCTAAT	T7	Watered	Endosphere	Davis	Gl_CG14
drght.159	ATCCTTTGGTTCTAATACGGATCG	GGACTACHVGGGTWTCTAAT	T7	Watered	Endosphere	Davis	IR20
drght.160	ATCCTTTGGTTCTCGGAATTAGAC	GGACTACHVGGGTWTCTAAT	T7	Watered	Endosphere	Davis	M206
drght.205	ACCGGTATGTACTTGGGTACACGT	GGACTACHVGGGTWTCTAAT	T2	Watered	Rhizoplane	Davis	Gl_B
drght.206	ACCGGTATGTACAAGGCGCTCCTT	GGACTACHVGGGTWTCTAAT	T2	Watered	Rhizoplane	Davis	Gl_CG14
drght.207	ACCGGTATGTACTAATACGGATCG	GGACTACHVGGGTWTCTAAT	T2	Watered	Rhizoplane	Davis	IR20
drght.208	ACCGGTATGTACTCGGAATTAGAC	GGACTACHVGGGTWTCTAAT	T2	Watered	Rhizoplane	Davis	M206
drght.217	AATTGTGTCGGAAGATTGACCAAC	GGACTACHVGGGTWTCTAAT	T3	Watered	Rhizoplane	Davis	Gl_B
drght.218	AATTGTGTCGGAAGTTACGAGCTA	GGACTACHVGGGTWTCTAAT	T3	Watered	Rhizoplane	Davis	Gl_CG14
drght.219	AATTGTGTCGGAGCATATGCACTG	GGACTACHVGGGTWTCTAAT	T3	Watered	Rhizoplane	Davis	IR20
drght.220	AATTGTGTCGGACAACTCCCGTGA	GGACTACHVGGGTWTCTAAT	T3	Watered	Rhizoplane	Davis	M206
drght.221	AATTGTGTCGGATTGCGTTAGCAG	GGACTACHVGGGTWTCTAAT	T3	Watered	Rhizoplane	Arbuckle	Gl_B
drght.222	AATTGTGTCGGATACGAGCCCTAA	GGACTACHVGGGTWTCTAAT	T3	Watered	Rhizoplane	Arbuckle	Gl_CG14
drght.223	AATTGTGTCGGACACTACGCTAGA	GGACTACHVGGGTWTCTAAT	T3	Watered	Rhizoplane	Arbuckle	IR20
drght.224	AATTGTGTCGGATGCAGTCCTCGA	GGACTACHVGGGTWTCTAAT	T3	Watered	Rhizoplane	Arbuckle	M206
drght.253	TGCATACACTGGTTGGGTACACGT	GGACTACHVGGGTWTCTAAT	T6	Watered	Rhizoplane	Davis	Gl_B
drght.254	TGCATACACTGGAAGGCGCTCCTT	GGACTACHVGGGTWTCTAAT	T6	Watered	Rhizoplane	Davis	Gl_CG14
drght.255	TGCATACACTGGTAATACGGATCG	GGACTACHVGGGTWTCTAAT	T6	Watered	Rhizoplane	Davis	IR20
drght.256	TGCATACACTGGTCGGAATTAGAC	GGACTACHVGGGTWTCTAAT	T6	Watered	Rhizoplane	Davis	M206
drght.265	AGTCGAACGAGGAGATTGACCAAC	GGACTACHVGGGTWTCTAAT	T7	Watered	Rhizoplane	Davis	Gl_B
drght.266	AGTCGAACGAGGAGTTACGAGCTA	GGACTACHVGGGTWTCTAAT	T7	Watered	Rhizoplane	Davis	Gl_CG14
drght.267	AGTCGAACGAGGGCATATGCACTG	GGACTACHVGGGTWTCTAAT	T7	Watered	Rhizoplane	Davis	IR20
drght.268	AGTCGAACGAGGCAACTCCCGTGA	GGACTACHVGGGTWTCTAAT	T7	Watered	Rhizoplane	Davis	M206
drght.269	AGTCGAACGAGGTTGCGTTAGCAG	GGACTACHVGGGTWTCTAAT	T7	Watered	Rhizoplane	Arbuckle	Gl_B
drght.270	AGTCGAACGAGGTACGAGCCCTAA	GGACTACHVGGGTWTCTAAT	T7	Watered	Rhizoplane	Arbuckle	Gl_CG14
drght.271	AGTCGAACGAGGCACTACGCTAGA	GGACTACHVGGGTWTCTAAT	T7	Watered	Rhizoplane	Arbuckle	IR20
drght.272	AGTCGAACGAGGTGCAGTCCTCGA	GGACTACHVGGGTWTCTAAT	T7	Watered	Rhizoplane	Arbuckle	M206
drght.297	ACCAGTGACTCAACCATAGCTCCG	GGACTACHVGGGTWTCTAAT	T3	Watered	BulkSoil	Biggs	NA
drght.304	ACCAGTGACTCATCGGAATTAGAC	GGACTACHVGGGTWTCTAAT	T6	Watered	BulkSoil	Davis	NA
